479536574, pikappa
128151358, superanton
361488173, syrex
662689726, tintin
259682468, mikayas
176878434, aktarus70discord7542
965277969, deathshead
376341838, castor troy
796122495, jeffy
976139395, rpm
255613131, calkwai
683832622, thedarkcrystal
186537493, yk
252222753, mkfly
443695578, corvin
648777188, jviron
711928393, kamuteelto
939729166, bit
844458943, gavon mothma
272252991, sicari
327723589, trontrek
777647584, vizojr
749411821, saylar
649549814, skyash
227432942, force
144347499, fighting egg
234747253, playersc
775897345, maitre gonzo
156718118, darkscratch
997592574, sedaava
896879978, yashorab
658524541, noterdan
657433627, chaoswind
181679453, rvbandit
154912758, tatooinish
681444157, shogunshane
462989324, dred
683981591, josc
769264816, acheron
526846521, ndwilson
643552648, organdonor
287613681, zfin4thewin
516478185, jan simon
738322768, lukumich
621698832, spankaroni
769891465, delvorin
617411169, jako
156718118, darthscratch
565379673, generalebeta
779685676, shitz
787434211, tiric thorn
125355231, dealage
558971722, kru
289779686, kosmi
255613131, calkwai
198549597, oldben
363435699, hubbojnr
358736169, nemesis
872779416, themikeroni
914828329, stayawhileandlisten
596998448, kingkc
549596189, gunny71
578186939, pantera
239954166, coa020
364142582, darthlex
569534848, r4p6
594326515, derpyface
339778965, rastafarian
582694193, rjc
588311746, dregn
994283686, nkee
991562329, tartan reken



